{
  "version": 1,
  "sessions": {
    "acs_okdq0C1gjmjLeTvJYuysJ1Y6ulCKBg0E5gSjHiY6wU0": 1777000736.3433387,
    "acs_NjFT9vkm7kt1wKXG_--5qMQa3DWL7jQl7T2HITYv-EI": 1777002024.202221,
    "acs_etFsdzKBUuzeUrQMRzxgA3TitYFU0fe_MNdYZAJY1lQ": 1777006054.5728297,
    "acs_-NhsJl_jrRgdJNcqCp3P5Dvhl-xHVRF8zRHibWX-bp8": 1777007485.3578794
  }
}